<?xml version="1.0" encoding="UTF-8"?>
<preferences>
 <debug showDebugMenu="0" />
 <systemtable>
  <columns>
   <connections preferredWidth="127" />
   <irq preferredWidth="34" />
  </columns>
 </systemtable>
 <clocktable>
  <columns>
   <clockname preferredWidth="183" />
   <clocksource preferredWidth="183" />
   <frequency preferredWidth="163" />
  </columns>
 </clocktable>
 <window width="1100" height="800" x="642" y="396" />
 <library
   expandedCategories="Project,Library/Peripherals,Library/Embedded Processors,Library/Memories and Memory Controllers/On-Chip,Library,Library/Peripherals/Microcontroller Peripherals,Library/Memories and Memory Controllers" />
</preferences>
