<?xml version="1.0" encoding="UTF-8"?>
<preferences>
 <debug showDebugMenu="0" />
 <systemtable>
  <columns>
   <connections preferredWidth="191" />
   <irq preferredWidth="47" />
  </columns>
 </systemtable>
 <clocktable>
  <columns>
   <clockname preferredWidth="183" />
   <clocksource preferredWidth="183" />
   <frequency preferredWidth="163" />
  </columns>
 </clocktable>
 <window width="1920" height="1040" x="0" y="0" />
 <library
   expandedCategories="Project,Library,Library/Peripherals,Library/Peripherals/Microcontroller Peripherals" />
</preferences>
