<?xml version="1.0" encoding="UTF-8"?>
<preferences>
 <debug showDebugMenu="0" />
 <systemtable>
  <columns>
   <connections preferredWidth="127" />
   <irq preferredWidth="34" />
  </columns>
 </systemtable>
 <clocktable>
  <columns>
   <clockname preferredWidth="333" />
   <clocksource preferredWidth="333" />
   <frequency preferredWidth="316" />
  </columns>
 </clocktable>
 <library expandedCategories="Project,Library" />
 <window width="974" height="1040" x="319" y="126" />
 <hdlexample language="VERILOG" />
</preferences>
